{"cameraMode":{"drawMode":0,"name":"Shaded","section":"Shading Mode"},"sceneLighting":false,"audioPlay":false,"sceneViewState":{"showFog":true,"showMaterialUpdate":false,"showSkybox":true,"showFlares":true,"showImageEffects":true,"showParticleSystems":true},"in2DMode":false,"pivot":{"x":-2.723052740097046,"y":4.015429496765137,"z":16.62562370300293},"rotation":{"x":-0.34364867210388186,"y":-0.39313679933547976,"z":0.16132768988609315,"w":-0.8374500274658203},"size":2.687129259109497,"orthographic":true}