{"cameraMode":{"drawMode":0,"name":"Shaded","section":"Shading Mode"},"sceneLighting":false,"audioPlay":false,"sceneViewState":{"showFog":true,"showMaterialUpdate":false,"showSkybox":true,"showFlares":true,"showImageEffects":true,"showParticleSystems":true},"in2DMode":false,"pivot":{"x":3.970703125,"y":-3.208984375,"z":18.5753173828125},"rotation":{"x":0.1324501782655716,"y":0.8372234106063843,"z":-0.23251913487911225,"w":0.47691595554351809},"size":22.850601196289064,"orthographic":true}