{"cameraMode":{"drawMode":0,"name":"Shaded","section":"Shading Mode"},"sceneLighting":true,"audioPlay":false,"sceneViewState":{"showFog":true,"showMaterialUpdate":false,"showSkybox":true,"showFlares":true,"showImageEffects":true,"showParticleSystems":true},"in2DMode":false,"pivot":{"x":-6.148286819458008,"y":1.7333015203475953,"z":67.90684509277344},"rotation":{"x":0.10657700151205063,"y":0.6416563391685486,"z":-0.09068549424409867,"w":0.7541185021400452},"size":4.041658401489258,"orthographic":true}