{"cameraMode":{"drawMode":0,"name":"Shaded","section":"Shading Mode"},"sceneLighting":false,"audioPlay":false,"sceneViewState":{"showFog":true,"showMaterialUpdate":false,"showSkybox":true,"showFlares":true,"showImageEffects":true,"showParticleSystems":true},"in2DMode":false,"pivot":{"x":-0.28667759895324709,"y":3.1891531944274904,"z":33.11530685424805},"rotation":{"x":0.00232827290892601,"y":-0.9293834567070007,"z":0.36906176805496218,"w":0.005864416714757681},"size":6.0855512619018559,"orthographic":false}