{"cameraMode":{"drawMode":0,"name":"Shaded","section":"Shading Mode"},"sceneLighting":false,"audioPlay":false,"sceneViewState":{"showFog":true,"showMaterialUpdate":false,"showSkybox":true,"showFlares":true,"showImageEffects":true,"showParticleSystems":true},"in2DMode":false,"pivot":{"x":-0.08418309688568115,"y":0.15007072687149049,"z":0.013262957334518433},"rotation":{"x":-0.09988131374120712,"y":-0.6314169764518738,"z":0.08248649537563324,"w":-0.7645471692085266},"size":2.865241050720215,"orthographic":false}