{"cameraMode":{"drawMode":0,"name":"Shaded","section":"Shading Mode"},"sceneLighting":false,"audioPlay":false,"sceneViewState":{"showFog":true,"showMaterialUpdate":false,"showSkybox":true,"showFlares":true,"showImageEffects":true,"showParticleSystems":true},"in2DMode":false,"pivot":{"x":0.8294129967689514,"y":6.882553577423096,"z":5.606961250305176},"rotation":{"x":-0.3981006443500519,"y":0.014583364129066468,"z":-0.006329589989036322,"w":-0.917203962802887},"size":8.266987800598145,"orthographic":false}