{"cameraMode":{"drawMode":0,"name":"Shaded","section":"Shading Mode"},"sceneLighting":false,"audioPlay":false,"sceneViewState":{"showFog":true,"showMaterialUpdate":false,"showSkybox":true,"showFlares":true,"showImageEffects":true,"showParticleSystems":true},"in2DMode":false,"pivot":{"x":0.3446337580680847,"y":0.5043959617614746,"z":-0.748878002166748},"rotation":{"x":0.007670803461223841,"y":-0.9627348184585571,"z":0.26893964409828188,"w":0.027466032654047014},"size":4.06666374206543,"orthographic":false}