{"cameraMode":{"drawMode":0,"name":"Shaded","section":"Shading Mode"},"sceneLighting":false,"audioPlay":false,"sceneViewState":{"showFog":true,"showMaterialUpdate":false,"showSkybox":true,"showFlares":true,"showImageEffects":true,"showParticleSystems":true},"in2DMode":false,"pivot":{"x":2.7027904987335207,"y":-1.8758385181427003,"z":8.117273330688477},"rotation":{"x":0.18904797732830048,"y":0.13357557356357575,"z":-0.02596641145646572,"w":0.9724938273429871},"size":8.397797584533692,"orthographic":false}