{"cameraMode":{"drawMode":0,"name":"Shaded","section":"Shading Mode"},"sceneLighting":false,"audioPlay":false,"sceneViewState":{"showFog":true,"showMaterialUpdate":false,"showSkybox":true,"showFlares":true,"showImageEffects":true,"showParticleSystems":true},"in2DMode":false,"pivot":{"x":0.6203885078430176,"y":-6.524106025695801,"z":3.333775281906128},"rotation":{"x":0.5794044137001038,"y":0.002444768790155649,"z":-0.001737944781780243,"w":0.8150347471237183},"size":17.74770736694336,"orthographic":false}