{"cameraMode":{"drawMode":0,"name":"Shaded","section":"Shading Mode"},"sceneLighting":false,"audioPlay":false,"sceneViewState":{"showFog":true,"showMaterialUpdate":false,"showSkybox":true,"showFlares":true,"showImageEffects":true,"showParticleSystems":true},"in2DMode":false,"pivot":{"x":0.5008633136749268,"y":-0.6143646240234375,"z":20.321805953979493},"rotation":{"x":0.5794044137001038,"y":0.002444768790155649,"z":-0.001737944781780243,"w":0.8150347471237183},"size":23.11212921142578,"orthographic":false}